[
    {
        "name": "City of Windsor",
        "category": "City",
        "city": "Windsor",
        "pro": "Ontario",
        "id": 1001,
        "isFeatured": true,
        "isFavorite": true,
        "department": "City of Windsor",
        "coordinates": {
            "longitude": -83.021168,
            "latitude": 42.313620
        },
        "imageName": "cityLogo"
    },
    {
        "name": "Police Department",
        "category": "Service",
        "city": "Windsor",
        "pro": "Ontario",
        "id": 1002,
        "isFeatured": false,
        "isFavorite": false,
        "department": "Windsor Police Department",
        "coordinates": {
            "longitude": -83.037221,
            "latitude": 42.319219
        },
        "imageName": "WPS"
    },
    {
        "name": "EMS",
        "category": "Service",
        "city": "Windsor",
        "pro": "Ontario",
        "id": 1003,
        "isFeatured": false,
        "isFavorite": true,
        "department": "Essex County EMS",
        "coordinates": {
            "longitude": -82.887859,
            "latitude": 42.314753
        },
        "imageName": "EMS"
    },
    {
        "name": "Fire Department",
        "category": "Service",
        "city": "Windsor",
        "pro": "Ontario",
        "id": 1004,
        "isFeatured": true,
        "isFavorite": true,
        "department": "Windsor Fire Department",
        "coordinates": {
            "longitude": -82.887683,
            "latitude": 42.314562
        },
        "imageName": "fire"
    }
]
